etf_id,date,rank,ticker,name,weight_percent,classification,residual_pp
time-nasdaq100-active,2026-10-07,1,NVDA,NVIDIA Corp,7.9,residual_watch,0.43198230750802313
time-nasdaq100-active,2026-10-07,2,BE,Bloom Energy Corp,5.28,price_aligned,-0.03307082526837046
time-nasdaq100-active,2026-10-07,3,DELL,Dell Technologies Inc,5.2,price_aligned,-0.07518176487051953
time-nasdaq100-active,2026-10-07,4,MU,Micron Technology Inc,4.27,price_aligned,-0.004262437321436607
time-nasdaq100-active,2026-10-07,5,SNDK,Sandisk Corp,4.24,price_aligned,-0.009369944769122895
time-nasdaq100-active,2026-10-07,6,INTC,Intel Corp,3.81,price_aligned,-0.04979352559741379
time-nasdaq100-active,2026-10-07,7,SKHY,SK hynix Inc,3.81,price_aligned,-0.019655240374409466
time-nasdaq100-active,2026-10-07,8,,Space Exploration Technologies Corp,3.67,price_aligned,-0.028500589279611965
time-nasdaq100-active,2026-10-07,9,AMD,Advanced Micro Devices Inc,3.5,price_aligned,-0.08637319864365933
time-nasdaq100-active,2026-10-07,10,,NASDAQ 100 E-MINI INDEX DEC 2026,3.47,insufficient_data,
time-global-ai-active,2026-10-07,1,INTC,Intel Corp,5.98,residual_watch,0.5132469948113041
time-global-ai-active,2026-10-07,2,NVDA,NVIDIA Corp,4.69,likely_buy,1.5077544374393836
time-global-ai-active,2026-10-07,3,,NASDAQ 100 E-MINI INDEX DEC 2026,4.24,insufficient_data,
time-global-ai-active,2026-10-07,4,SNDK,Sandisk Corp,4.23,price_aligned,-0.002240496500781397
time-global-ai-active,2026-10-07,5,AMD,Advanced Micro Devices Inc,4.21,likely_sell,-0.49737457416670505
time-global-ai-active,2026-10-07,6,SKHY,SK hynix Inc,4.16,price_aligned,-0.005626279030725989
time-global-ai-active,2026-10-07,7,DELL,Dell Technologies Inc,3.68,price_aligned,0.0006171645317154528
time-global-ai-active,2026-10-07,8,,삼성전기,3.52,price_aligned,0.0028410350459613376
time-global-ai-active,2026-10-07,9,META,Meta Platforms Inc,3.26,price_aligned,-0.004066381416588882
time-global-ai-active,2026-10-07,10,LITE,Lumentum Holdings Inc,3.08,price_aligned,-0.0062284913623402716
koact-nasdaq-growth-active,2026-10-07,1,PLTR,Palantir Technologies Inc -A,7.84,price_aligned,-0.005040362859283221
koact-nasdaq-growth-active,2026-10-07,2,SNDK,Sandisk Corp/DE,5.5,price_aligned,0.006014992685654086
koact-nasdaq-growth-active,2026-10-07,3,BE,BLOOM ENERGY CORPORATION,5.01,price_aligned,-0.005614380927785767
koact-nasdaq-growth-active,2026-10-07,4,DELL,Dell Technologies Inc,4.91,price_aligned,-0.0013240123438391649
koact-nasdaq-growth-active,2026-10-07,5,SNOW,Snowflake Inc - CL A,4.82,price_aligned,-0.004073094617969453
koact-nasdaq-growth-active,2026-10-07,6,MU,MICRON TECH,4.48,price_aligned,0.0002829187260600108
koact-nasdaq-growth-active,2026-10-07,7,LITE,Lumentum Holdings Inc,4.32,price_aligned,0.0006958912455550248
koact-nasdaq-growth-active,2026-10-07,8,INTC,INTEL Corp,3.85,price_aligned,0.005799728719825925
koact-nasdaq-growth-active,2026-10-07,9,AMD,ADVANCED MICRO DEVICES,3.7,price_aligned,0.00044520883085397145
koact-nasdaq-growth-active,2026-10-07,10,NVDA,NVIDIA Corp,3.27,price_aligned,0.007647505061886051
